{
  "accuracy": 0.9825,
  "precision": 0.952,
  "recall": 0.9916666666666667,
  "f1_score": 0.9714285714285714,
  "cv_mean": 0.9785546112400214,
  "cv_std": 0.011360416076279727,
  "confusion_matrix": [
    [
      274,
      6
    ],
    [
      1,
      119
    ]
  ],
  "dataset": "realistic_accounts_dataset.csv",
  "total_samples": 2000,
  "genuine_count": 1400,
  "suspicious_count": 600
}