{
  "accuracy": 0.764,
  "precision": 0.8082706766917294,
  "recall": 0.5375,
  "f1_score": 0.6456456456456456,
  "confusion_matrix": [
    [
      549,
      51
    ],
    [
      185,
      215
    ]
  ],
  "cv_mean": 0.7567994919363557,
  "cv_std": 0.020899035758993396,
  "classification_report": {
    "0": {
      "precision": 0.7479564032697548,
      "recall": 0.915,
      "f1-score": 0.823088455772114,
      "support": 600.0
    },
    "1": {
      "precision": 0.8082706766917294,
      "recall": 0.5375,
      "f1-score": 0.6456456456456456,
      "support": 400.0
    },
    "accuracy": 0.764,
    "macro avg": {
      "precision": 0.7781135399807421,
      "recall": 0.7262500000000001,
      "f1-score": 0.7343670507088798,
      "support": 1000.0
    },
    "weighted avg": {
      "precision": 0.7720821126385445,
      "recall": 0.764,
      "f1-score": 0.7521113317215267,
      "support": 1000.0
    }
  }
}